[
{
   "model": "blank_system.card",
   "pk": "345134",
   "fields": {
      "name": "asdfa",
      "surname": "asdfa",
      "address": "asdf"
   }
},
{
   "model": "blank_system.customer",
   "pk": "sexy",
   "fields": {
      "is_regular": true,
      "is_valued": true,
      "address": "asdfasdfadf",
      "card_info": [
         "345134"
      ]
   }
},
{
   "model": "blank_system.created_range",
   "pk": 1,
   "fields": {
      "range_from": 42000006,
      "range_to": 42000030,
      "date": "2020-04-02",
      "type": "444"
   }
},
{
   "model": "blank_system.created_range",
   "pk": 2,
   "fields": {
      "range_from": 44000006,
      "range_to": 44000030,
      "date": "2020-04-02",
      "type": "440"
   }
},
{
   "model": "blank_system.stock_turnover_report",
   "pk": 1,
   "fields": {
      "date_from": "2020-04-06",
      "date_to": "2020-03-06",
      "assigned_range": [],
      "created_range": [],
      "blanks": []
   }
},
{
   "model": "blank_system.stock_turnover_report",
   "pk": 2,
   "fields": {
      "date_from": "2020-03-06",
      "date_to": "2020-04-06",
      "assigned_range": [
         1
      ],
      "created_range": [
         1,
         2
      ],
      "blanks": [
         42000006,
         42000007,
         42000008,
         42000009,
         42000010,
         42000011,
         42000012,
         42000013,
         42000014,
         42000015,
         42000016,
         42000017,
         42000018,
         42000019,
         42000020,
         42000021,
         42000022,
         42000023,
         42000024,
         42000025,
         42000026,
         42000027,
         42000028,
         42000029,
         42000030,
         44000006,
         44000007,
         44000008,
         44000009,
         44000010,
         44000011,
         44000012,
         44000013,
         44000014,
         44000015,
         44000016,
         44000017,
         44000018,
         44000019,
         44000020,
         44000021,
         44000022,
         44000023,
         44000024,
         44000025,
         44000026,
         44000027,
         44000028,
         44000029,
         44000030
      ]
   }
},
{
   "model": "blank_system.stock_turnover_report",
   "pk": 3,
   "fields": {
      "date_from": "2019-05-06",
      "date_to": "2019-04-06",
      "assigned_range": [],
      "created_range": [],
      "blanks": []
   }
},
{
   "model": "contenttypes.contenttype",
   "pk": 1,
   "fields": {
      "app_label": "blank_system",
      "model": "assigned_range"
   }
},
{
   "model": "contenttypes.contenttype",
   "pk": 2,
   "fields": {
      "app_label": "blank_system",
      "model": "blank"
   }
},
{
   "model": "contenttypes.contenttype",
   "pk": 3,
   "fields": {
      "app_label": "blank_system",
      "model": "card"
   }
},
{
   "model": "contenttypes.contenttype",
   "pk": 4,
   "fields": {
      "app_label": "blank_system",
      "model": "created_range"
   }
},
{
   "model": "contenttypes.contenttype",
   "pk": 5,
   "fields": {
      "app_label": "blank_system",
      "model": "currency"
   }
},
{
   "model": "contenttypes.contenttype",
   "pk": 6,
   "fields": {
      "app_label": "blank_system",
      "model": "gbp_report"
   }
},
{
   "model": "contenttypes.contenttype",
   "pk": 7,
   "fields": {
      "app_label": "blank_system",
      "model": "global_sales_report"
   }
},
{
   "model": "contenttypes.contenttype",
   "pk": 8,
   "fields": {
      "app_label": "blank_system",
      "model": "stock_turnover_report"
   }
},
{
   "model": "contenttypes.contenttype",
   "pk": 9,
   "fields": {
      "app_label": "blank_system",
      "model": "individual_sales_report"
   }
},
{
   "model": "contenttypes.contenttype",
   "pk": 10,
   "fields": {
      "app_label": "blank_system",
      "model": "customer"
   }
},
{
   "model": "contenttypes.contenttype",
   "pk": 11,
   "fields": {
      "app_label": "admin",
      "model": "logentry"
   }
},
{
   "model": "contenttypes.contenttype",
   "pk": 12,
   "fields": {
      "app_label": "auth",
      "model": "permission"
   }
},
{
   "model": "contenttypes.contenttype",
   "pk": 13,
   "fields": {
      "app_label": "auth",
      "model": "group"
   }
},
{
   "model": "contenttypes.contenttype",
   "pk": 14,
   "fields": {
      "app_label": "auth",
      "model": "user"
   }
},
{
   "model": "contenttypes.contenttype",
   "pk": 15,
   "fields": {
      "app_label": "contenttypes",
      "model": "contenttype"
   }
},
{
   "model": "contenttypes.contenttype",
   "pk": 16,
   "fields": {
      "app_label": "sessions",
      "model": "session"
   }
},
{
   "model": "sessions.session",
   "pk": "j5knaqjnaw64fx0z9qbtc3g3nmq60roz",
   "fields": {
      "session_data": "ODAzZTA4NmNmNWQ0MTc2N2NiOTU1MDVmNzY5ZTUwMGNmODk1Mzc5MDp7Il9hdXRoX3VzZXJfaWQiOiIyIiwiX2F1dGhfdXNlcl9iYWNrZW5kIjoiZGphbmdvLmNvbnRyaWIuYXV0aC5iYWNrZW5kcy5Nb2RlbEJhY2tlbmQiLCJfYXV0aF91c2VyX2hhc2giOiIwOGEyNWVjNGZiZDE0ZGUyMjg2ZDgxZDlkYWEzNjg3ZDFjMjkxMzUwIn0=",
      "expire_date": "2020-04-16T01:21:09.386Z"
   }
},
{
   "model": "sessions.session",
   "pk": "lu1bpc785gm68lobauzetqcng3143s2r",
   "fields": {
      "session_data": "ZjUyY2RiNGI2OTUzYWE1NDYzZmVmZWYxOGI2MzEzNGE1ODNmYTBjNjp7Il9hdXRoX3VzZXJfaWQiOiIxIiwiX2F1dGhfdXNlcl9iYWNrZW5kIjoiZGphbmdvLmNvbnRyaWIuYXV0aC5iYWNrZW5kcy5Nb2RlbEJhY2tlbmQiLCJfYXV0aF91c2VyX2hhc2giOiJhMmU4ZTc4M2IwZjU1YjhhZTE5NTJlMDNiZmMwNTM4MWZkZmY1ODViIn0=",
      "expire_date": "2020-04-16T22:27:43.727Z"
   }
},
{
   "model": "auth.permission",
   "pk": 1,
   "fields": {
      "name": "Can add assigned_range",
      "content_type": 1,
      "codename": "add_assigned_range"
   }
},
{
   "model": "auth.permission",
   "pk": 2,
   "fields": {
      "name": "Can change assigned_range",
      "content_type": 1,
      "codename": "change_assigned_range"
   }
},
{
   "model": "auth.permission",
   "pk": 3,
   "fields": {
      "name": "Can delete assigned_range",
      "content_type": 1,
      "codename": "delete_assigned_range"
   }
},
{
   "model": "auth.permission",
   "pk": 4,
   "fields": {
      "name": "Can view assigned_range",
      "content_type": 1,
      "codename": "view_assigned_range"
   }
},
{
   "model": "auth.permission",
   "pk": 5,
   "fields": {
      "name": "Can add blank",
      "content_type": 2,
      "codename": "add_blank"
   }
},
{
   "model": "auth.permission",
   "pk": 6,
   "fields": {
      "name": "Can change blank",
      "content_type": 2,
      "codename": "change_blank"
   }
},
{
   "model": "auth.permission",
   "pk": 7,
   "fields": {
      "name": "Can delete blank",
      "content_type": 2,
      "codename": "delete_blank"
   }
},
{
   "model": "auth.permission",
   "pk": 8,
   "fields": {
      "name": "Can view blank",
      "content_type": 2,
      "codename": "view_blank"
   }
},
{
   "model": "auth.permission",
   "pk": 9,
   "fields": {
      "name": "Can add card",
      "content_type": 3,
      "codename": "add_card"
   }
},
{
   "model": "auth.permission",
   "pk": 10,
   "fields": {
      "name": "Can change card",
      "content_type": 3,
      "codename": "change_card"
   }
},
{
   "model": "auth.permission",
   "pk": 11,
   "fields": {
      "name": "Can delete card",
      "content_type": 3,
      "codename": "delete_card"
   }
},
{
   "model": "auth.permission",
   "pk": 12,
   "fields": {
      "name": "Can view card",
      "content_type": 3,
      "codename": "view_card"
   }
},
{
   "model": "auth.permission",
   "pk": 13,
   "fields": {
      "name": "Can add created_range",
      "content_type": 4,
      "codename": "add_created_range"
   }
},
{
   "model": "auth.permission",
   "pk": 14,
   "fields": {
      "name": "Can change created_range",
      "content_type": 4,
      "codename": "change_created_range"
   }
},
{
   "model": "auth.permission",
   "pk": 15,
   "fields": {
      "name": "Can delete created_range",
      "content_type": 4,
      "codename": "delete_created_range"
   }
},
{
   "model": "auth.permission",
   "pk": 16,
   "fields": {
      "name": "Can view created_range",
      "content_type": 4,
      "codename": "view_created_range"
   }
},
{
   "model": "auth.permission",
   "pk": 17,
   "fields": {
      "name": "Can add currency",
      "content_type": 5,
      "codename": "add_currency"
   }
},
{
   "model": "auth.permission",
   "pk": 18,
   "fields": {
      "name": "Can change currency",
      "content_type": 5,
      "codename": "change_currency"
   }
},
{
   "model": "auth.permission",
   "pk": 19,
   "fields": {
      "name": "Can delete currency",
      "content_type": 5,
      "codename": "delete_currency"
   }
},
{
   "model": "auth.permission",
   "pk": 20,
   "fields": {
      "name": "Can view currency",
      "content_type": 5,
      "codename": "view_currency"
   }
},
{
   "model": "auth.permission",
   "pk": 21,
   "fields": {
      "name": "Can add gbp_report",
      "content_type": 6,
      "codename": "add_gbp_report"
   }
},
{
   "model": "auth.permission",
   "pk": 22,
   "fields": {
      "name": "Can change gbp_report",
      "content_type": 6,
      "codename": "change_gbp_report"
   }
},
{
   "model": "auth.permission",
   "pk": 23,
   "fields": {
      "name": "Can delete gbp_report",
      "content_type": 6,
      "codename": "delete_gbp_report"
   }
},
{
   "model": "auth.permission",
   "pk": 24,
   "fields": {
      "name": "Can view gbp_report",
      "content_type": 6,
      "codename": "view_gbp_report"
   }
},
{
   "model": "auth.permission",
   "pk": 25,
   "fields": {
      "name": "Can add global_sales_report",
      "content_type": 7,
      "codename": "add_global_sales_report"
   }
},
{
   "model": "auth.permission",
   "pk": 26,
   "fields": {
      "name": "Can change global_sales_report",
      "content_type": 7,
      "codename": "change_global_sales_report"
   }
},
{
   "model": "auth.permission",
   "pk": 27,
   "fields": {
      "name": "Can delete global_sales_report",
      "content_type": 7,
      "codename": "delete_global_sales_report"
   }
},
{
   "model": "auth.permission",
   "pk": 28,
   "fields": {
      "name": "Can view global_sales_report",
      "content_type": 7,
      "codename": "view_global_sales_report"
   }
},
{
   "model": "auth.permission",
   "pk": 29,
   "fields": {
      "name": "Can add stock_turnover_report",
      "content_type": 8,
      "codename": "add_stock_turnover_report"
   }
},
{
   "model": "auth.permission",
   "pk": 30,
   "fields": {
      "name": "Can change stock_turnover_report",
      "content_type": 8,
      "codename": "change_stock_turnover_report"
   }
},
{
   "model": "auth.permission",
   "pk": 31,
   "fields": {
      "name": "Can delete stock_turnover_report",
      "content_type": 8,
      "codename": "delete_stock_turnover_report"
   }
},
{
   "model": "auth.permission",
   "pk": 32,
   "fields": {
      "name": "Can view stock_turnover_report",
      "content_type": 8,
      "codename": "view_stock_turnover_report"
   }
},
{
   "model": "auth.permission",
   "pk": 33,
   "fields": {
      "name": "Can add individual_sales_report",
      "content_type": 9,
      "codename": "add_individual_sales_report"
   }
},
{
   "model": "auth.permission",
   "pk": 34,
   "fields": {
      "name": "Can change individual_sales_report",
      "content_type": 9,
      "codename": "change_individual_sales_report"
   }
},
{
   "model": "auth.permission",
   "pk": 35,
   "fields": {
      "name": "Can delete individual_sales_report",
      "content_type": 9,
      "codename": "delete_individual_sales_report"
   }
},
{
   "model": "auth.permission",
   "pk": 36,
   "fields": {
      "name": "Can view individual_sales_report",
      "content_type": 9,
      "codename": "view_individual_sales_report"
   }
},
{
   "model": "auth.permission",
   "pk": 37,
   "fields": {
      "name": "Can add customer",
      "content_type": 10,
      "codename": "add_customer"
   }
},
{
   "model": "auth.permission",
   "pk": 38,
   "fields": {
      "name": "Can change customer",
      "content_type": 10,
      "codename": "change_customer"
   }
},
{
   "model": "auth.permission",
   "pk": 39,
   "fields": {
      "name": "Can delete customer",
      "content_type": 10,
      "codename": "delete_customer"
   }
},
{
   "model": "auth.permission",
   "pk": 40,
   "fields": {
      "name": "Can view customer",
      "content_type": 10,
      "codename": "view_customer"
   }
},
{
   "model": "auth.permission",
   "pk": 41,
   "fields": {
      "name": "Can add log entry",
      "content_type": 11,
      "codename": "add_logentry"
   }
},
{
   "model": "auth.permission",
   "pk": 42,
   "fields": {
      "name": "Can change log entry",
      "content_type": 11,
      "codename": "change_logentry"
   }
},
{
   "model": "auth.permission",
   "pk": 43,
   "fields": {
      "name": "Can delete log entry",
      "content_type": 11,
      "codename": "delete_logentry"
   }
},
{
   "model": "auth.permission",
   "pk": 44,
   "fields": {
      "name": "Can view log entry",
      "content_type": 11,
      "codename": "view_logentry"
   }
},
{
   "model": "auth.permission",
   "pk": 45,
   "fields": {
      "name": "Can add permission",
      "content_type": 12,
      "codename": "add_permission"
   }
},
{
   "model": "auth.permission",
   "pk": 46,
   "fields": {
      "name": "Can change permission",
      "content_type": 12,
      "codename": "change_permission"
   }
},
{
   "model": "auth.permission",
   "pk": 47,
   "fields": {
      "name": "Can delete permission",
      "content_type": 12,
      "codename": "delete_permission"
   }
},
{
   "model": "auth.permission",
   "pk": 48,
   "fields": {
      "name": "Can view permission",
      "content_type": 12,
      "codename": "view_permission"
   }
},
{
   "model": "auth.permission",
   "pk": 49,
   "fields": {
      "name": "Can add group",
      "content_type": 13,
      "codename": "add_group"
   }
},
{
   "model": "auth.permission",
   "pk": 50,
   "fields": {
      "name": "Can change group",
      "content_type": 13,
      "codename": "change_group"
   }
},
{
   "model": "auth.permission",
   "pk": 51,
   "fields": {
      "name": "Can delete group",
      "content_type": 13,
      "codename": "delete_group"
   }
},
{
   "model": "auth.permission",
   "pk": 52,
   "fields": {
      "name": "Can view group",
      "content_type": 13,
      "codename": "view_group"
   }
},
{
   "model": "auth.permission",
   "pk": 53,
   "fields": {
      "name": "Can add user",
      "content_type": 14,
      "codename": "add_user"
   }
},
{
   "model": "auth.permission",
   "pk": 54,
   "fields": {
      "name": "Can change user",
      "content_type": 14,
      "codename": "change_user"
   }
},
{
   "model": "auth.permission",
   "pk": 55,
   "fields": {
      "name": "Can delete user",
      "content_type": 14,
      "codename": "delete_user"
   }
},
{
   "model": "auth.permission",
   "pk": 56,
   "fields": {
      "name": "Can view user",
      "content_type": 14,
      "codename": "view_user"
   }
},
{
   "model": "auth.permission",
   "pk": 57,
   "fields": {
      "name": "Can add content type",
      "content_type": 15,
      "codename": "add_contenttype"
   }
},
{
   "model": "auth.permission",
   "pk": 58,
   "fields": {
      "name": "Can change content type",
      "content_type": 15,
      "codename": "change_contenttype"
   }
},
{
   "model": "auth.permission",
   "pk": 59,
   "fields": {
      "name": "Can delete content type",
      "content_type": 15,
      "codename": "delete_contenttype"
   }
},
{
   "model": "auth.permission",
   "pk": 60,
   "fields": {
      "name": "Can view content type",
      "content_type": 15,
      "codename": "view_contenttype"
   }
},
{
   "model": "auth.permission",
   "pk": 61,
   "fields": {
      "name": "Can add session",
      "content_type": 16,
      "codename": "add_session"
   }
},
{
   "model": "auth.permission",
   "pk": 62,
   "fields": {
      "name": "Can change session",
      "content_type": 16,
      "codename": "change_session"
   }
},
{
   "model": "auth.permission",
   "pk": 63,
   "fields": {
      "name": "Can delete session",
      "content_type": 16,
      "codename": "delete_session"
   }
},
{
   "model": "auth.permission",
   "pk": 64,
   "fields": {
      "name": "Can view session",
      "content_type": 16,
      "codename": "view_session"
   }
},
{
   "model": "auth.group",
   "pk": 1,
   "fields": {
      "name": "system_administrator",
      "permissions": []
   }
},
{
   "model": "auth.group",
   "pk": 2,
   "fields": {
      "name": "manager",
      "permissions": []
   }
},
{
   "model": "auth.group",
   "pk": 3,
   "fields": {
      "name": "travel_advisor",
      "permissions": []
   }
},
{
   "model": "auth.user",
   "pk": 1,
   "fields": {
      "password": "pbkdf2_sha256$150000$RY0kv5F2niER$4wJg1mv6riF5LSlKL65lL/JKhprBvW5sZAwUJjyuR1c=",
      "last_login": "2020-04-02T22:27:43.461Z",
      "is_superuser": false,
      "username": "spike",
      "first_name": "",
      "last_name": "",
      "email": "",
      "is_staff": false,
      "is_active": true,
      "date_joined": "2020-04-02T01:19:51.505Z",
      "groups": [
         1
      ],
      "user_permissions": []
   }
},
{
   "model": "auth.user",
   "pk": 2,
   "fields": {
      "password": "pbkdf2_sha256$150000$fAa8TSIEDDxy$2CpkrGdU9GWUTmosYpHYOiOnH59bRBii05yTMu5MHTI=",
      "last_login": "2020-04-02T01:21:09Z",
      "is_superuser": true,
      "username": "mert",
      "first_name": "",
      "last_name": "",
      "email": "",
      "is_staff": true,
      "is_active": true,
      "date_joined": "2020-04-02T01:20:29Z",
      "groups": [
         2
      ],
      "user_permissions": []
   }
},
{
   "model": "admin.logentry",
   "pk": 1,
   "fields": {
      "action_time": "2020-04-02T01:21:27.486Z",
      "user": 2,
      "content_type": 14,
      "object_id": "2",
      "object_repr": "mert",
      "action_flag": 2,
      "change_message": "[{\"changed\": {\"fields\": [\"groups\"]}}]"
   }
},
{
   "model": "admin.logentry",
   "pk": 2,
   "fields": {
      "action_time": "2020-04-02T01:24:52.877Z",
      "user": 2,
      "content_type": 14,
      "object_id": "2",
      "object_repr": "mert",
      "action_flag": 2,
      "change_message": "[{\"changed\": {\"fields\": [\"groups\"]}}]"
   }
},
{
   "model": "blank_system.assigned_range",
   "pk": 1,
   "fields": {
      "range_from": 42000006,
      "range_to": 42000030,
      "agent": 2,
      "date": "2020-04-02",
      "sold_blank_count": 5,
      "type": "444"
   }
},
{
   "model": "blank_system.blank",
   "pk": 42000006,
   "fields": {
      "type": "444",
      "is_sold": true,
      "is_refunded": false,
      "is_paid": true,
      "price": -5,
      "discount": 15,
      "date": "2020-04-02",
      "payment_due": "2020-02-06",
      "commission_rate": 15,
      "paid_by_card": false,
      "advisor": 2,
      "blank_customer": null,
      "blank_currency": null,
      "blank_card": null
   }
},
{
   "model": "blank_system.blank",
   "pk": 42000007,
   "fields": {
      "type": "444",
      "is_sold": true,
      "is_refunded": false,
      "is_paid": true,
      "price": -5,
      "discount": 15,
      "date": "2020-04-02",
      "payment_due": "2019-01-06",
      "commission_rate": 15,
      "paid_by_card": false,
      "advisor": 2,
      "blank_customer": null,
      "blank_currency": null,
      "blank_card": null
   }
},
{
   "model": "blank_system.blank",
   "pk": 42000008,
   "fields": {
      "type": "444",
      "is_sold": true,
      "is_refunded": false,
      "is_paid": true,
      "price": -5,
      "discount": 15,
      "date": "2020-04-02",
      "payment_due": "2020-03-06",
      "commission_rate": 15,
      "paid_by_card": false,
      "advisor": 2,
      "blank_customer": null,
      "blank_currency": null,
      "blank_card": null
   }
},
{
   "model": "blank_system.blank",
   "pk": 42000009,
   "fields": {
      "type": "444",
      "is_sold": true,
      "is_refunded": false,
      "is_paid": true,
      "price": 0,
      "discount": 10,
      "date": "2020-04-02",
      "payment_due": "2020-01-06",
      "commission_rate": 15,
      "paid_by_card": true,
      "advisor": 2,
      "blank_customer": "sexy",
      "blank_currency": null,
      "blank_card": "345134"
   }
},
{
   "model": "blank_system.blank",
   "pk": 42000010,
   "fields": {
      "type": "444",
      "is_sold": true,
      "is_refunded": false,
      "is_paid": true,
      "price": 5,
      "discount": 5,
      "date": "2020-04-02",
      "payment_due": "2020-04-01",
      "commission_rate": 15,
      "paid_by_card": false,
      "advisor": 2,
      "blank_customer": null,
      "blank_currency": null,
      "blank_card": null
   }
},
{
   "model": "blank_system.blank",
   "pk": 42000011,
   "fields": {
      "type": "444",
      "is_sold": false,
      "is_refunded": false,
      "is_paid": false,
      "price": 10,
      "discount": null,
      "date": "2020-04-02",
      "payment_due": null,
      "commission_rate": 15,
      "paid_by_card": false,
      "advisor": 2,
      "blank_customer": null,
      "blank_currency": null,
      "blank_card": null
   }
},
{
   "model": "blank_system.blank",
   "pk": 42000012,
   "fields": {
      "type": "444",
      "is_sold": false,
      "is_refunded": false,
      "is_paid": false,
      "price": 10,
      "discount": null,
      "date": "2020-04-02",
      "payment_due": null,
      "commission_rate": 15,
      "paid_by_card": false,
      "advisor": 2,
      "blank_customer": null,
      "blank_currency": null,
      "blank_card": null
   }
},
{
   "model": "blank_system.blank",
   "pk": 42000013,
   "fields": {
      "type": "444",
      "is_sold": false,
      "is_refunded": false,
      "is_paid": false,
      "price": 10,
      "discount": null,
      "date": "2020-04-02",
      "payment_due": null,
      "commission_rate": 15,
      "paid_by_card": false,
      "advisor": 2,
      "blank_customer": null,
      "blank_currency": null,
      "blank_card": null
   }
},
{
   "model": "blank_system.blank",
   "pk": 42000014,
   "fields": {
      "type": "444",
      "is_sold": false,
      "is_refunded": false,
      "is_paid": false,
      "price": 10,
      "discount": null,
      "date": "2020-04-02",
      "payment_due": null,
      "commission_rate": 15,
      "paid_by_card": false,
      "advisor": 2,
      "blank_customer": null,
      "blank_currency": null,
      "blank_card": null
   }
},
{
   "model": "blank_system.blank",
   "pk": 42000015,
   "fields": {
      "type": "444",
      "is_sold": false,
      "is_refunded": false,
      "is_paid": false,
      "price": 10,
      "discount": null,
      "date": "2020-04-02",
      "payment_due": null,
      "commission_rate": 15,
      "paid_by_card": false,
      "advisor": 2,
      "blank_customer": null,
      "blank_currency": null,
      "blank_card": null
   }
},
{
   "model": "blank_system.blank",
   "pk": 42000016,
   "fields": {
      "type": "444",
      "is_sold": false,
      "is_refunded": false,
      "is_paid": false,
      "price": 10,
      "discount": null,
      "date": "2020-04-02",
      "payment_due": null,
      "commission_rate": 15,
      "paid_by_card": false,
      "advisor": 2,
      "blank_customer": null,
      "blank_currency": null,
      "blank_card": null
   }
},
{
   "model": "blank_system.blank",
   "pk": 42000017,
   "fields": {
      "type": "444",
      "is_sold": false,
      "is_refunded": false,
      "is_paid": false,
      "price": 10,
      "discount": null,
      "date": "2020-04-02",
      "payment_due": null,
      "commission_rate": 15,
      "paid_by_card": false,
      "advisor": 2,
      "blank_customer": null,
      "blank_currency": null,
      "blank_card": null
   }
},
{
   "model": "blank_system.blank",
   "pk": 42000018,
   "fields": {
      "type": "444",
      "is_sold": false,
      "is_refunded": false,
      "is_paid": false,
      "price": 10,
      "discount": null,
      "date": "2020-04-02",
      "payment_due": null,
      "commission_rate": 15,
      "paid_by_card": false,
      "advisor": 2,
      "blank_customer": null,
      "blank_currency": null,
      "blank_card": null
   }
},
{
   "model": "blank_system.blank",
   "pk": 42000019,
   "fields": {
      "type": "444",
      "is_sold": false,
      "is_refunded": false,
      "is_paid": false,
      "price": 10,
      "discount": null,
      "date": "2020-04-02",
      "payment_due": null,
      "commission_rate": 15,
      "paid_by_card": false,
      "advisor": 2,
      "blank_customer": null,
      "blank_currency": null,
      "blank_card": null
   }
},
{
   "model": "blank_system.blank",
   "pk": 42000020,
   "fields": {
      "type": "444",
      "is_sold": false,
      "is_refunded": false,
      "is_paid": false,
      "price": 10,
      "discount": null,
      "date": "2020-04-02",
      "payment_due": null,
      "commission_rate": 15,
      "paid_by_card": false,
      "advisor": 2,
      "blank_customer": null,
      "blank_currency": null,
      "blank_card": null
   }
},
{
   "model": "blank_system.blank",
   "pk": 42000021,
   "fields": {
      "type": "444",
      "is_sold": false,
      "is_refunded": false,
      "is_paid": false,
      "price": 10,
      "discount": null,
      "date": "2020-04-02",
      "payment_due": null,
      "commission_rate": 15,
      "paid_by_card": false,
      "advisor": 2,
      "blank_customer": null,
      "blank_currency": null,
      "blank_card": null
   }
},
{
   "model": "blank_system.blank",
   "pk": 42000022,
   "fields": {
      "type": "444",
      "is_sold": false,
      "is_refunded": false,
      "is_paid": false,
      "price": 10,
      "discount": null,
      "date": "2020-04-02",
      "payment_due": null,
      "commission_rate": 15,
      "paid_by_card": false,
      "advisor": 2,
      "blank_customer": null,
      "blank_currency": null,
      "blank_card": null
   }
},
{
   "model": "blank_system.blank",
   "pk": 42000023,
   "fields": {
      "type": "444",
      "is_sold": false,
      "is_refunded": false,
      "is_paid": false,
      "price": 10,
      "discount": null,
      "date": "2020-04-02",
      "payment_due": null,
      "commission_rate": 15,
      "paid_by_card": false,
      "advisor": 2,
      "blank_customer": null,
      "blank_currency": null,
      "blank_card": null
   }
},
{
   "model": "blank_system.blank",
   "pk": 42000024,
   "fields": {
      "type": "444",
      "is_sold": false,
      "is_refunded": false,
      "is_paid": false,
      "price": 10,
      "discount": null,
      "date": "2020-04-02",
      "payment_due": null,
      "commission_rate": 15,
      "paid_by_card": false,
      "advisor": 2,
      "blank_customer": null,
      "blank_currency": null,
      "blank_card": null
   }
},
{
   "model": "blank_system.blank",
   "pk": 42000025,
   "fields": {
      "type": "444",
      "is_sold": false,
      "is_refunded": false,
      "is_paid": false,
      "price": 10,
      "discount": null,
      "date": "2020-04-02",
      "payment_due": null,
      "commission_rate": 15,
      "paid_by_card": false,
      "advisor": 2,
      "blank_customer": null,
      "blank_currency": null,
      "blank_card": null
   }
},
{
   "model": "blank_system.blank",
   "pk": 42000026,
   "fields": {
      "type": "444",
      "is_sold": false,
      "is_refunded": false,
      "is_paid": false,
      "price": 10,
      "discount": null,
      "date": "2020-04-02",
      "payment_due": null,
      "commission_rate": 15,
      "paid_by_card": false,
      "advisor": 2,
      "blank_customer": null,
      "blank_currency": null,
      "blank_card": null
   }
},
{
   "model": "blank_system.blank",
   "pk": 42000027,
   "fields": {
      "type": "444",
      "is_sold": false,
      "is_refunded": false,
      "is_paid": false,
      "price": 10,
      "discount": null,
      "date": "2020-04-02",
      "payment_due": null,
      "commission_rate": 15,
      "paid_by_card": false,
      "advisor": 2,
      "blank_customer": null,
      "blank_currency": null,
      "blank_card": null
   }
},
{
   "model": "blank_system.blank",
   "pk": 42000028,
   "fields": {
      "type": "444",
      "is_sold": false,
      "is_refunded": false,
      "is_paid": false,
      "price": 10,
      "discount": null,
      "date": "2020-04-02",
      "payment_due": null,
      "commission_rate": 15,
      "paid_by_card": false,
      "advisor": 2,
      "blank_customer": null,
      "blank_currency": null,
      "blank_card": null
   }
},
{
   "model": "blank_system.blank",
   "pk": 42000029,
   "fields": {
      "type": "444",
      "is_sold": false,
      "is_refunded": false,
      "is_paid": false,
      "price": 10,
      "discount": null,
      "date": "2020-04-02",
      "payment_due": null,
      "commission_rate": 15,
      "paid_by_card": false,
      "advisor": 2,
      "blank_customer": null,
      "blank_currency": null,
      "blank_card": null
   }
},
{
   "model": "blank_system.blank",
   "pk": 42000030,
   "fields": {
      "type": "444",
      "is_sold": false,
      "is_refunded": false,
      "is_paid": false,
      "price": 10,
      "discount": null,
      "date": "2020-04-02",
      "payment_due": null,
      "commission_rate": 15,
      "paid_by_card": false,
      "advisor": 2,
      "blank_customer": null,
      "blank_currency": null,
      "blank_card": null
   }
},
{
   "model": "blank_system.blank",
   "pk": 44000006,
   "fields": {
      "type": "440",
      "is_sold": false,
      "is_refunded": false,
      "is_paid": false,
      "price": 10,
      "discount": null,
      "date": "2020-04-02",
      "payment_due": null,
      "commission_rate": null,
      "paid_by_card": false,
      "advisor": null,
      "blank_customer": null,
      "blank_currency": null,
      "blank_card": null
   }
},
{
   "model": "blank_system.blank",
   "pk": 44000007,
   "fields": {
      "type": "440",
      "is_sold": false,
      "is_refunded": false,
      "is_paid": false,
      "price": 10,
      "discount": null,
      "date": "2020-04-02",
      "payment_due": null,
      "commission_rate": null,
      "paid_by_card": false,
      "advisor": null,
      "blank_customer": null,
      "blank_currency": null,
      "blank_card": null
   }
},
{
   "model": "blank_system.blank",
   "pk": 44000008,
   "fields": {
      "type": "440",
      "is_sold": false,
      "is_refunded": false,
      "is_paid": false,
      "price": 10,
      "discount": null,
      "date": "2020-04-02",
      "payment_due": null,
      "commission_rate": null,
      "paid_by_card": false,
      "advisor": null,
      "blank_customer": null,
      "blank_currency": null,
      "blank_card": null
   }
},
{
   "model": "blank_system.blank",
   "pk": 44000009,
   "fields": {
      "type": "440",
      "is_sold": false,
      "is_refunded": false,
      "is_paid": false,
      "price": 10,
      "discount": null,
      "date": "2020-04-02",
      "payment_due": null,
      "commission_rate": null,
      "paid_by_card": false,
      "advisor": null,
      "blank_customer": null,
      "blank_currency": null,
      "blank_card": null
   }
},
{
   "model": "blank_system.blank",
   "pk": 44000010,
   "fields": {
      "type": "440",
      "is_sold": false,
      "is_refunded": false,
      "is_paid": false,
      "price": 10,
      "discount": null,
      "date": "2020-04-02",
      "payment_due": null,
      "commission_rate": null,
      "paid_by_card": false,
      "advisor": null,
      "blank_customer": null,
      "blank_currency": null,
      "blank_card": null
   }
},
{
   "model": "blank_system.blank",
   "pk": 44000011,
   "fields": {
      "type": "440",
      "is_sold": false,
      "is_refunded": false,
      "is_paid": false,
      "price": 10,
      "discount": null,
      "date": "2020-04-02",
      "payment_due": null,
      "commission_rate": null,
      "paid_by_card": false,
      "advisor": null,
      "blank_customer": null,
      "blank_currency": null,
      "blank_card": null
   }
},
{
   "model": "blank_system.blank",
   "pk": 44000012,
   "fields": {
      "type": "440",
      "is_sold": false,
      "is_refunded": false,
      "is_paid": false,
      "price": 10,
      "discount": null,
      "date": "2020-04-02",
      "payment_due": null,
      "commission_rate": null,
      "paid_by_card": false,
      "advisor": null,
      "blank_customer": null,
      "blank_currency": null,
      "blank_card": null
   }
},
{
   "model": "blank_system.blank",
   "pk": 44000013,
   "fields": {
      "type": "440",
      "is_sold": false,
      "is_refunded": false,
      "is_paid": false,
      "price": 10,
      "discount": null,
      "date": "2020-04-02",
      "payment_due": null,
      "commission_rate": null,
      "paid_by_card": false,
      "advisor": null,
      "blank_customer": null,
      "blank_currency": null,
      "blank_card": null
   }
},
{
   "model": "blank_system.blank",
   "pk": 44000014,
   "fields": {
      "type": "440",
      "is_sold": false,
      "is_refunded": false,
      "is_paid": false,
      "price": 10,
      "discount": null,
      "date": "2020-04-02",
      "payment_due": null,
      "commission_rate": null,
      "paid_by_card": false,
      "advisor": null,
      "blank_customer": null,
      "blank_currency": null,
      "blank_card": null
   }
},
{
   "model": "blank_system.blank",
   "pk": 44000015,
   "fields": {
      "type": "440",
      "is_sold": false,
      "is_refunded": false,
      "is_paid": false,
      "price": 10,
      "discount": null,
      "date": "2020-04-02",
      "payment_due": null,
      "commission_rate": null,
      "paid_by_card": false,
      "advisor": null,
      "blank_customer": null,
      "blank_currency": null,
      "blank_card": null
   }
},
{
   "model": "blank_system.blank",
   "pk": 44000016,
   "fields": {
      "type": "440",
      "is_sold": false,
      "is_refunded": false,
      "is_paid": false,
      "price": 10,
      "discount": null,
      "date": "2020-04-02",
      "payment_due": null,
      "commission_rate": null,
      "paid_by_card": false,
      "advisor": null,
      "blank_customer": null,
      "blank_currency": null,
      "blank_card": null
   }
},
{
   "model": "blank_system.blank",
   "pk": 44000017,
   "fields": {
      "type": "440",
      "is_sold": false,
      "is_refunded": false,
      "is_paid": false,
      "price": 10,
      "discount": null,
      "date": "2020-04-02",
      "payment_due": null,
      "commission_rate": null,
      "paid_by_card": false,
      "advisor": null,
      "blank_customer": null,
      "blank_currency": null,
      "blank_card": null
   }
},
{
   "model": "blank_system.blank",
   "pk": 44000018,
   "fields": {
      "type": "440",
      "is_sold": false,
      "is_refunded": false,
      "is_paid": false,
      "price": 10,
      "discount": null,
      "date": "2020-04-02",
      "payment_due": null,
      "commission_rate": null,
      "paid_by_card": false,
      "advisor": null,
      "blank_customer": null,
      "blank_currency": null,
      "blank_card": null
   }
},
{
   "model": "blank_system.blank",
   "pk": 44000019,
   "fields": {
      "type": "440",
      "is_sold": false,
      "is_refunded": false,
      "is_paid": false,
      "price": 10,
      "discount": null,
      "date": "2020-04-02",
      "payment_due": null,
      "commission_rate": null,
      "paid_by_card": false,
      "advisor": null,
      "blank_customer": null,
      "blank_currency": null,
      "blank_card": null
   }
},
{
   "model": "blank_system.blank",
   "pk": 44000020,
   "fields": {
      "type": "440",
      "is_sold": false,
      "is_refunded": false,
      "is_paid": false,
      "price": 10,
      "discount": null,
      "date": "2020-04-02",
      "payment_due": null,
      "commission_rate": null,
      "paid_by_card": false,
      "advisor": null,
      "blank_customer": null,
      "blank_currency": null,
      "blank_card": null
   }
},
{
   "model": "blank_system.blank",
   "pk": 44000021,
   "fields": {
      "type": "440",
      "is_sold": false,
      "is_refunded": false,
      "is_paid": false,
      "price": 10,
      "discount": null,
      "date": "2020-04-02",
      "payment_due": null,
      "commission_rate": null,
      "paid_by_card": false,
      "advisor": null,
      "blank_customer": null,
      "blank_currency": null,
      "blank_card": null
   }
},
{
   "model": "blank_system.blank",
   "pk": 44000022,
   "fields": {
      "type": "440",
      "is_sold": false,
      "is_refunded": false,
      "is_paid": false,
      "price": 10,
      "discount": null,
      "date": "2020-04-02",
      "payment_due": null,
      "commission_rate": null,
      "paid_by_card": false,
      "advisor": null,
      "blank_customer": null,
      "blank_currency": null,
      "blank_card": null
   }
},
{
   "model": "blank_system.blank",
   "pk": 44000023,
   "fields": {
      "type": "440",
      "is_sold": false,
      "is_refunded": false,
      "is_paid": false,
      "price": 10,
      "discount": null,
      "date": "2020-04-02",
      "payment_due": null,
      "commission_rate": null,
      "paid_by_card": false,
      "advisor": null,
      "blank_customer": null,
      "blank_currency": null,
      "blank_card": null
   }
},
{
   "model": "blank_system.blank",
   "pk": 44000024,
   "fields": {
      "type": "440",
      "is_sold": false,
      "is_refunded": false,
      "is_paid": false,
      "price": 10,
      "discount": null,
      "date": "2020-04-02",
      "payment_due": null,
      "commission_rate": null,
      "paid_by_card": false,
      "advisor": null,
      "blank_customer": null,
      "blank_currency": null,
      "blank_card": null
   }
},
{
   "model": "blank_system.blank",
   "pk": 44000025,
   "fields": {
      "type": "440",
      "is_sold": false,
      "is_refunded": false,
      "is_paid": false,
      "price": 10,
      "discount": null,
      "date": "2020-04-02",
      "payment_due": null,
      "commission_rate": null,
      "paid_by_card": false,
      "advisor": null,
      "blank_customer": null,
      "blank_currency": null,
      "blank_card": null
   }
},
{
   "model": "blank_system.blank",
   "pk": 44000026,
   "fields": {
      "type": "440",
      "is_sold": false,
      "is_refunded": false,
      "is_paid": false,
      "price": 10,
      "discount": null,
      "date": "2020-04-02",
      "payment_due": null,
      "commission_rate": null,
      "paid_by_card": false,
      "advisor": null,
      "blank_customer": null,
      "blank_currency": null,
      "blank_card": null
   }
},
{
   "model": "blank_system.blank",
   "pk": 44000027,
   "fields": {
      "type": "440",
      "is_sold": false,
      "is_refunded": false,
      "is_paid": false,
      "price": 10,
      "discount": null,
      "date": "2020-04-02",
      "payment_due": null,
      "commission_rate": null,
      "paid_by_card": false,
      "advisor": null,
      "blank_customer": null,
      "blank_currency": null,
      "blank_card": null
   }
},
{
   "model": "blank_system.blank",
   "pk": 44000028,
   "fields": {
      "type": "440",
      "is_sold": false,
      "is_refunded": false,
      "is_paid": false,
      "price": 10,
      "discount": null,
      "date": "2020-04-02",
      "payment_due": null,
      "commission_rate": null,
      "paid_by_card": false,
      "advisor": null,
      "blank_customer": null,
      "blank_currency": null,
      "blank_card": null
   }
},
{
   "model": "blank_system.blank",
   "pk": 44000029,
   "fields": {
      "type": "440",
      "is_sold": false,
      "is_refunded": false,
      "is_paid": false,
      "price": 10,
      "discount": null,
      "date": "2020-04-02",
      "payment_due": null,
      "commission_rate": null,
      "paid_by_card": false,
      "advisor": null,
      "blank_customer": null,
      "blank_currency": null,
      "blank_card": null
   }
},
{
   "model": "blank_system.blank",
   "pk": 44000030,
   "fields": {
      "type": "440",
      "is_sold": false,
      "is_refunded": false,
      "is_paid": false,
      "price": 10,
      "discount": null,
      "date": "2020-04-02",
      "payment_due": null,
      "commission_rate": null,
      "paid_by_card": false,
      "advisor": null,
      "blank_customer": null,
      "blank_currency": null,
      "blank_card": null
   }
}
]
